{
   "feeSummaryList":    [
            {
         "mmfsSeqNum": 67353862,
         "feeRuleSkSeq": 170787,
         "hudNumber": 893,
         "feeName": "Section K Credits",
         "paidToType": "LEND",
         "paidToDescription": "FLAGSTAR BANK,  RETAIL TEST BRANCH",
         "feeGrossAmount": 100,
         "paidByBorrowerOption": "ALOW",
         "splitFlag": false,
         "feeType": "CCTS",
         "feeNameEditableFlag": true,
         "feeTypeSelectable": false,
         "feeTypeSelected": null,
         "feeOverrideRate": "0.0000",
         "feeOverrideCalcType": "ASIS",
         "feeAmountEditable": true,
         "appliedFlag": true,
         "loanAmountToCalcAgainst": 175000,
         "feeViolationType": "NO_VIOLATION",
         "lenderCreditAmount":          {
            "editable": true,
            "visible": true,
            "value": 0
         },
         "sellerCreditAmount":          {
            "editable": true,
            "visible": true,
            "value": 0
         },
         "disclosedHudNumber": "893",
         "disclosureSectionType": "",
         "cocComments": null,
         "escrowFeeFlag": false,
         "escrowDropDownFlag": false,
         "escrowFeeAmount": null,
         "escrowPeriods": null,
         "prepaidMonths": null,
         "aprFlag": false,
         "feeDisabled": false,
         "escrowPeriodType": null,
         "grhFeePaidInCashPortion": null,
         "paidToAffiliateTypeAllowed": null,
         "paidToAffiliateType": null,
         "affiliateRetainedAmt": null,
         "payoffFeeFlag": false,
         "onePercentAllowable": false,
         "creditRequired": false,
         "gfeBlockSection": "NA",
         "feeExcludedInTotalsFlag": true,
         "discOverrideFlag": null,
         "borrSelectedProviderFlag": false,
         "borrSelectedProviderEditableFlag": false,
         "prepaidFlag": false,
         "trendingFlag": false,
         "deletableFlag": "Y",
         "corrAcquisitionFlag": false,
         "feeDetail": [         {
            "mmfSeqNum": 69044492,
            "paidBy": "BORR",
            "paidAt": "PAC",
            "adjustmentType": "ORG",
            "paymentStatus": "PAC",
            "financeFlag": false,
            "waiveFlag": false,
            "markedForDeletion": false,
            "amount": 100,
            "paidByOTHRValid": false
         }],
         "feeDisplayDTO":          {
            "feeVisibleFlag": true,
            "feeAmountEditable": true,
            "excludeInTotalsFlag": true,
            "feeNameEditable": true,
            "defaultPaidToDesc": null,
            "allowPaidToDescChangeFlag": true,
            "sameEntityPacPocAllowed": false,
            "paidToAffiliateAllowedType": null,
            "customValidationType": null,
            "paidAtDefaultValue": "PAC",
            "paidByDefaultValue": "BORR",
            "paidToDefaultValue": "LEND",
            "feePaidAtValues": {"PAC": "PAC"},
            "feePaidByValues": {"BORR": "Borrower"},
            "feePaidToValues": {"LEND": "Lender"}
         },
         "feeServiceProviderDTO": null,
         "cocCommentsApplicable": false,
         "applicableComments": null,
         "markedForDeletion": false
      },
            {
         "mmfsSeqNum": 67320674,
         "feeRuleSkSeq": 25740,
         "hudNumber": 820,
         "feeName": "Processing Fee",
         "paidToType": "LEND",
         "paidToDescription": "Flagstar Bank, FSB",
         "feeGrossAmount": 550,
         "paidByBorrowerOption": "TOLR",
         "splitFlag": true,
         "feeType": "PROC",
         "feeNameEditableFlag": false,
         "feeTypeSelectable": false,
         "feeTypeSelected": null,
         "feeOverrideRate": "0.0000",
         "feeOverrideCalcType": "ASIS",
         "feeAmountEditable": false,
         "appliedFlag": true,
         "loanAmountToCalcAgainst": 175000,
         "feeViolationType": "NO_VIOLATION",
         "lenderCreditAmount":          {
            "editable": true,
            "visible": true,
            "value": 0
         },
         "sellerCreditAmount":          {
            "editable": true,
            "visible": true,
            "value": 0
         },
         "disclosedHudNumber": "801",
         "disclosureSectionType": "A",
         "cocComments": null,
         "escrowFeeFlag": false,
         "escrowDropDownFlag": false,
         "escrowFeeAmount": null,
         "escrowPeriods": null,
         "prepaidMonths": null,
         "aprFlag": true,
         "feeDisabled": false,
         "escrowPeriodType": null,
         "grhFeePaidInCashPortion": null,
         "paidToAffiliateTypeAllowed": null,
         "paidToAffiliateType": null,
         "affiliateRetainedAmt": null,
         "payoffFeeFlag": false,
         "onePercentAllowable": true,
         "creditRequired": false,
         "gfeBlockSection": "1",
         "feeExcludedInTotalsFlag": false,
         "discOverrideFlag": null,
         "borrSelectedProviderFlag": false,
         "borrSelectedProviderEditableFlag": false,
         "prepaidFlag": true,
         "trendingFlag": false,
         "deletableFlag": "N",
         "corrAcquisitionFlag": false,
         "feeDetail": [         {
            "mmfSeqNum": 69011331,
            "paidBy": "BORR",
            "paidAt": "PAC",
            "adjustmentType": "ORG",
            "paymentStatus": "PAC",
            "financeFlag": false,
            "waiveFlag": false,
            "markedForDeletion": false,
            "amount": 550,
            "paidByOTHRValid": false
         }],
         "feeDisplayDTO":          {
            "feeVisibleFlag": true,
            "feeAmountEditable": false,
            "excludeInTotalsFlag": false,
            "feeNameEditable": false,
            "defaultPaidToDesc": "Flagstar Bank, FSB",
            "allowPaidToDescChangeFlag": false,
            "sameEntityPacPocAllowed": true,
            "paidToAffiliateAllowedType": null,
            "customValidationType": null,
            "paidAtDefaultValue": "PAC",
            "paidByDefaultValue": "BORR",
            "paidToDefaultValue": "LEND",
            "feePaidAtValues":             {
               "PAC": "PAC",
               "POC": "POC"
            },
            "feePaidByValues": {"BORR": "Borrower"},
            "feePaidToValues": {"LEND": "Lender"}
         },
         "feeServiceProviderDTO": null,
         "cocCommentsApplicable": false,
         "applicableComments": null,
         "markedForDeletion": false
      },
            {
         "mmfsSeqNum": 67320673,
         "feeRuleSkSeq": 25612,
         "hudNumber": 812,
         "feeName": "Underwriting Fee",
         "paidToType": "LEND",
         "paidToDescription": "Flagstar Bank, FSB",
         "feeGrossAmount": 450,
         "paidByBorrowerOption": "ALOW",
         "splitFlag": true,
         "feeType": "UND",
         "feeNameEditableFlag": false,
         "feeTypeSelectable": false,
         "feeTypeSelected": null,
         "feeOverrideRate": "0.0000",
         "feeOverrideCalcType": "ASIS",
         "feeAmountEditable": false,
         "appliedFlag": true,
         "loanAmountToCalcAgainst": 175000,
         "feeViolationType": "NO_VIOLATION",
         "lenderCreditAmount":          {
            "editable": true,
            "visible": true,
            "value": 0
         },
         "sellerCreditAmount":          {
            "editable": true,
            "visible": true,
            "value": 0
         },
         "disclosedHudNumber": "801",
         "disclosureSectionType": "A",
         "cocComments": null,
         "escrowFeeFlag": false,
         "escrowDropDownFlag": false,
         "escrowFeeAmount": null,
         "escrowPeriods": null,
         "prepaidMonths": null,
         "aprFlag": true,
         "feeDisabled": false,
         "escrowPeriodType": null,
         "grhFeePaidInCashPortion": null,
         "paidToAffiliateTypeAllowed": null,
         "paidToAffiliateType": null,
         "affiliateRetainedAmt": null,
         "payoffFeeFlag": false,
         "onePercentAllowable": false,
         "creditRequired": false,
         "gfeBlockSection": "1",
         "feeExcludedInTotalsFlag": false,
         "discOverrideFlag": null,
         "borrSelectedProviderFlag": false,
         "borrSelectedProviderEditableFlag": false,
         "prepaidFlag": true,
         "trendingFlag": false,
         "deletableFlag": "N",
         "corrAcquisitionFlag": false,
         "feeDetail": [         {
            "mmfSeqNum": 69011330,
            "paidBy": "BORR",
            "paidAt": "PAC",
            "adjustmentType": "ORG",
            "paymentStatus": "PAC",
            "financeFlag": false,
            "waiveFlag": false,
            "markedForDeletion": false,
            "amount": 450,
            "paidByOTHRValid": false
         }],
         "feeDisplayDTO":          {
            "feeVisibleFlag": true,
            "feeAmountEditable": false,
            "excludeInTotalsFlag": false,
            "feeNameEditable": false,
            "defaultPaidToDesc": "Flagstar Bank, FSB",
            "allowPaidToDescChangeFlag": false,
            "sameEntityPacPocAllowed": true,
            "paidToAffiliateAllowedType": null,
            "customValidationType": null,
            "paidAtDefaultValue": "PAC",
            "paidByDefaultValue": "BORR",
            "paidToDefaultValue": "LEND",
            "feePaidAtValues":             {
               "PAC": "PAC",
               "POC": "POC"
            },
            "feePaidByValues": {"BORR": "Borrower"},
            "feePaidToValues": {"LEND": "Lender"}
         },
         "feeServiceProviderDTO": null,
         "cocCommentsApplicable": false,
         "applicableComments": null,
         "markedForDeletion": false
      },
            {
         "mmfsSeqNum": 67320671,
         "feeRuleSkSeq": 171328,
         "hudNumber": 803,
         "feeName": "Appraisal Fee",
         "paidToType": "LEND",
         "paidToDescription": "RETAIL TEST BRANCH",
         "feeGrossAmount": 10,
         "paidByBorrowerOption": "ALOW",
         "splitFlag": true,
         "feeType": "APPR",
         "feeNameEditableFlag": false,
         "feeTypeSelectable": false,
         "feeTypeSelected": null,
         "feeOverrideRate": "0.0000",
         "feeOverrideCalcType": "ASIS",
         "feeAmountEditable": true,
         "appliedFlag": true,
         "loanAmountToCalcAgainst": 175000,
         "feeViolationType": "NO_VIOLATION",
         "lenderCreditAmount":          {
            "editable": true,
            "visible": true,
            "value": 0
         },
         "sellerCreditAmount":          {
            "editable": true,
            "visible": true,
            "value": 0
         },
         "disclosedHudNumber": "804",
         "disclosureSectionType": "B",
         "cocComments": null,
         "escrowFeeFlag": false,
         "escrowDropDownFlag": false,
         "escrowFeeAmount": null,
         "escrowPeriods": null,
         "prepaidMonths": null,
         "aprFlag": false,
         "feeDisabled": false,
         "escrowPeriodType": null,
         "grhFeePaidInCashPortion": null,
         "paidToAffiliateTypeAllowed": null,
         "paidToAffiliateType": null,
         "affiliateRetainedAmt": null,
         "payoffFeeFlag": false,
         "onePercentAllowable": false,
         "creditRequired": false,
         "gfeBlockSection": "3",
         "feeExcludedInTotalsFlag": false,
         "discOverrideFlag": null,
         "borrSelectedProviderFlag": false,
         "borrSelectedProviderEditableFlag": false,
         "prepaidFlag": false,
         "trendingFlag": false,
         "deletableFlag": "N",
         "corrAcquisitionFlag": false,
         "feeDetail": [         {
            "mmfSeqNum": 69011328,
            "paidBy": "BORR",
            "paidAt": "PAC",
            "adjustmentType": "ORG",
            "paymentStatus": "PAC",
            "financeFlag": false,
            "waiveFlag": false,
            "markedForDeletion": false,
            "amount": 10,
            "paidByOTHRValid": false
         }],
         "feeDisplayDTO":          {
            "feeVisibleFlag": true,
            "feeAmountEditable": true,
            "excludeInTotalsFlag": false,
            "feeNameEditable": false,
            "defaultPaidToDesc": null,
            "allowPaidToDescChangeFlag": true,
            "sameEntityPacPocAllowed": true,
            "paidToAffiliateAllowedType": null,
            "customValidationType": "SOFT",
            "paidAtDefaultValue": "PAC",
            "paidByDefaultValue": "BORR",
            "paidToDefaultValue": "LEND",
            "feePaidAtValues":             {
               "PAC": "PAC",
               "POC": "POC"
            },
            "feePaidByValues":             {
               "BORR": "Borrower",
               "SELL": "Seller"
            },
            "feePaidToValues": {"LEND": "Lender"}
         },
         "feeServiceProviderDTO": null,
         "cocCommentsApplicable": false,
         "applicableComments": null,
         "markedForDeletion": false
      },
            {
         "mmfsSeqNum": 67346580,
         "feeRuleSkSeq": 25662,
         "hudNumber": 1205,
         "feeName": "Recording Fee for Deed",
         "paidToType": "OTH",
         "paidToDescription": "Clerk of Courts",
         "feeGrossAmount": 20,
         "paidByBorrowerOption": "ALOW",
         "splitFlag": true,
         "feeType": "RECF",
         "feeNameEditableFlag": false,
         "feeTypeSelectable": false,
         "feeTypeSelected": null,
         "feeOverrideRate": "0.0000",
         "feeOverrideCalcType": "ASIS",
         "feeAmountEditable": true,
         "appliedFlag": true,
         "loanAmountToCalcAgainst": 175000,
         "feeViolationType": "NO_VIOLATION",
         "lenderCreditAmount":          {
            "editable": true,
            "visible": true,
            "value": 0
         },
         "sellerCreditAmount":          {
            "editable": true,
            "visible": true,
            "value": 0
         },
         "disclosedHudNumber": "NEXT_1200",
         "disclosureSectionType": "E",
         "cocComments": null,
         "escrowFeeFlag": false,
         "escrowDropDownFlag": false,
         "escrowFeeAmount": null,
         "escrowPeriods": null,
         "prepaidMonths": null,
         "aprFlag": false,
         "feeDisabled": false,
         "escrowPeriodType": null,
         "grhFeePaidInCashPortion": null,
         "paidToAffiliateTypeAllowed": null,
         "paidToAffiliateType": null,
         "affiliateRetainedAmt": null,
         "payoffFeeFlag": false,
         "onePercentAllowable": false,
         "creditRequired": false,
         "gfeBlockSection": "7",
         "feeExcludedInTotalsFlag": false,
         "discOverrideFlag": null,
         "borrSelectedProviderFlag": false,
         "borrSelectedProviderEditableFlag": false,
         "prepaidFlag": false,
         "trendingFlag": false,
         "deletableFlag": "N",
         "corrAcquisitionFlag": false,
         "feeDetail": [         {
            "mmfSeqNum": 69037240,
            "paidBy": "BORR",
            "paidAt": "PAC",
            "adjustmentType": "ORG",
            "paymentStatus": "PAC",
            "financeFlag": false,
            "waiveFlag": false,
            "markedForDeletion": false,
            "amount": 20,
            "paidByOTHRValid": false
         }],
         "feeDisplayDTO":          {
            "feeVisibleFlag": true,
            "feeAmountEditable": true,
            "excludeInTotalsFlag": false,
            "feeNameEditable": false,
            "defaultPaidToDesc": "Clerk of Courts",
            "allowPaidToDescChangeFlag": true,
            "sameEntityPacPocAllowed": false,
            "paidToAffiliateAllowedType": null,
            "customValidationType": "HARD",
            "paidAtDefaultValue": "PAC",
            "paidByDefaultValue": "BORR",
            "paidToDefaultValue": "OTH",
            "feePaidAtValues": {"PAC": "PAC"},
            "feePaidByValues": {"BORR": "Borrower"},
            "feePaidToValues": {"OTH": "Other"}
         },
         "feeServiceProviderDTO": null,
         "cocCommentsApplicable": false,
         "applicableComments": null,
         "markedForDeletion": false
      },
            {
         "mmfsSeqNum": 67346579,
         "feeRuleSkSeq": 25661,
         "hudNumber": 1204,
         "feeName": "Recording Fee for Mortgage",
         "paidToType": "OTH",
         "paidToDescription": "Clerk of Courts",
         "feeGrossAmount": 20,
         "paidByBorrowerOption": "ALOW",
         "splitFlag": true,
         "feeType": "RECF",
         "feeNameEditableFlag": false,
         "feeTypeSelectable": false,
         "feeTypeSelected": null,
         "feeOverrideRate": "0.0000",
         "feeOverrideCalcType": "ASIS",
         "feeAmountEditable": true,
         "appliedFlag": true,
         "loanAmountToCalcAgainst": 175000,
         "feeViolationType": "NO_VIOLATION",
         "lenderCreditAmount":          {
            "editable": true,
            "visible": true,
            "value": 0
         },
         "sellerCreditAmount":          {
            "editable": true,
            "visible": true,
            "value": 0
         },
         "disclosedHudNumber": "NEXT_1200",
         "disclosureSectionType": "E",
         "cocComments": null,
         "escrowFeeFlag": false,
         "escrowDropDownFlag": false,
         "escrowFeeAmount": null,
         "escrowPeriods": null,
         "prepaidMonths": null,
         "aprFlag": false,
         "feeDisabled": false,
         "escrowPeriodType": null,
         "grhFeePaidInCashPortion": null,
         "paidToAffiliateTypeAllowed": null,
         "paidToAffiliateType": null,
         "affiliateRetainedAmt": null,
         "payoffFeeFlag": false,
         "onePercentAllowable": false,
         "creditRequired": false,
         "gfeBlockSection": "7",
         "feeExcludedInTotalsFlag": false,
         "discOverrideFlag": null,
         "borrSelectedProviderFlag": false,
         "borrSelectedProviderEditableFlag": false,
         "prepaidFlag": false,
         "trendingFlag": false,
         "deletableFlag": "N",
         "corrAcquisitionFlag": false,
         "feeDetail": [         {
            "mmfSeqNum": 69037239,
            "paidBy": "BORR",
            "paidAt": "PAC",
            "adjustmentType": "ORG",
            "paymentStatus": "PAC",
            "financeFlag": false,
            "waiveFlag": false,
            "markedForDeletion": false,
            "amount": 20,
            "paidByOTHRValid": false
         }],
         "feeDisplayDTO":          {
            "feeVisibleFlag": true,
            "feeAmountEditable": true,
            "excludeInTotalsFlag": false,
            "feeNameEditable": false,
            "defaultPaidToDesc": "Clerk of Courts",
            "allowPaidToDescChangeFlag": true,
            "sameEntityPacPocAllowed": false,
            "paidToAffiliateAllowedType": null,
            "customValidationType": "HARD",
            "paidAtDefaultValue": "PAC",
            "paidByDefaultValue": "BORR",
            "paidToDefaultValue": "OTH",
            "feePaidAtValues": {"PAC": "PAC"},
            "feePaidByValues": {"BORR": "Borrower"},
            "feePaidToValues": {"OTH": "Other"}
         },
         "feeServiceProviderDTO": null,
         "cocCommentsApplicable": false,
         "applicableComments": null,
         "markedForDeletion": false
      },
            {
         "mmfsSeqNum": 67320680,
         "feeRuleSkSeq": 25288,
         "hudNumber": 903,
         "feeName": "Hazard Insurance Premium",
         "paidToType": "OTH",
         "paidToDescription": "hip",
         "feeGrossAmount": 10,
         "paidByBorrowerOption": "ALOW",
         "splitFlag": true,
         "feeType": "HZD",
         "feeNameEditableFlag": false,
         "feeTypeSelectable": false,
         "feeTypeSelected": null,
         "feeOverrideRate": "0.0000",
         "feeOverrideCalcType": "ASIS",
         "feeAmountEditable": true,
         "appliedFlag": true,
         "loanAmountToCalcAgainst": 175000,
         "feeViolationType": "NO_VIOLATION",
         "lenderCreditAmount":          {
            "editable": true,
            "visible": true,
            "value": 0
         },
         "sellerCreditAmount":          {
            "editable": true,
            "visible": true,
            "value": 0
         },
         "disclosedHudNumber": "903",
         "disclosureSectionType": "F",
         "cocComments": null,
         "escrowFeeFlag": false,
         "escrowDropDownFlag": false,
         "escrowFeeAmount": null,
         "escrowPeriods": null,
         "prepaidMonths": 12,
         "aprFlag": false,
         "feeDisabled": false,
         "escrowPeriodType": null,
         "grhFeePaidInCashPortion": null,
         "paidToAffiliateTypeAllowed": null,
         "paidToAffiliateType": null,
         "affiliateRetainedAmt": null,
         "payoffFeeFlag": false,
         "onePercentAllowable": false,
         "creditRequired": false,
         "gfeBlockSection": "11",
         "feeExcludedInTotalsFlag": false,
         "discOverrideFlag": null,
         "borrSelectedProviderFlag": false,
         "borrSelectedProviderEditableFlag": false,
         "prepaidFlag": false,
         "trendingFlag": false,
         "deletableFlag": "N",
         "corrAcquisitionFlag": false,
         "feeDetail": [         {
            "mmfSeqNum": 69011337,
            "paidBy": "BORR",
            "paidAt": "POC",
            "adjustmentType": "ORG",
            "paymentStatus": "POC",
            "financeFlag": false,
            "waiveFlag": false,
            "markedForDeletion": false,
            "amount": 10,
            "paidByOTHRValid": false
         }],
         "feeDisplayDTO":          {
            "feeVisibleFlag": true,
            "feeAmountEditable": true,
            "excludeInTotalsFlag": false,
            "feeNameEditable": false,
            "defaultPaidToDesc": null,
            "allowPaidToDescChangeFlag": true,
            "sameEntityPacPocAllowed": true,
            "paidToAffiliateAllowedType": null,
            "customValidationType": "SOFT",
            "paidAtDefaultValue": "POC",
            "paidByDefaultValue": "BORR",
            "paidToDefaultValue": "OTH",
            "feePaidAtValues":             {
               "PAC": "PAC",
               "POC": "POC"
            },
            "feePaidByValues": {"BORR": "Borrower"},
            "feePaidToValues": {"OTH": "Other"}
         },
         "feeServiceProviderDTO": null,
         "cocCommentsApplicable": false,
         "applicableComments": null,
         "markedForDeletion": false
      },
            {
         "mmfsSeqNum": 67320691,
         "feeRuleSkSeq": 0,
         "hudNumber": 901,
         "feeName": "Interim Interest",
         "paidToType": "LEND",
         "paidToDescription": "Flagstar Bank, FSB",
         "feeGrossAmount": 20.18,
         "paidByBorrowerOption": null,
         "splitFlag": false,
         "feeType": "IINT",
         "feeNameEditableFlag": false,
         "feeTypeSelectable": false,
         "feeTypeSelected": null,
         "feeOverrideRate": "0.0000",
         "feeOverrideCalcType": "ASIS",
         "feeAmountEditable": false,
         "appliedFlag": true,
         "loanAmountToCalcAgainst": 175000,
         "feeViolationType": "NO_VIOLATION",
         "lenderCreditAmount":          {
            "editable": true,
            "visible": true,
            "value": 0
         },
         "sellerCreditAmount":          {
            "editable": true,
            "visible": true,
            "value": 0
         },
         "disclosedHudNumber": "901",
         "disclosureSectionType": "F",
         "cocComments": null,
         "escrowFeeFlag": false,
         "escrowDropDownFlag": false,
         "escrowFeeAmount": null,
         "escrowPeriods": null,
         "prepaidMonths": null,
         "aprFlag": true,
         "feeDisabled": false,
         "escrowPeriodType": null,
         "grhFeePaidInCashPortion": null,
         "paidToAffiliateTypeAllowed": null,
         "paidToAffiliateType": null,
         "affiliateRetainedAmt": null,
         "payoffFeeFlag": false,
         "onePercentAllowable": false,
         "creditRequired": false,
         "gfeBlockSection": "10",
         "feeExcludedInTotalsFlag": false,
         "discOverrideFlag": null,
         "borrSelectedProviderFlag": false,
         "borrSelectedProviderEditableFlag": false,
         "prepaidFlag": true,
         "trendingFlag": false,
         "deletableFlag": "N",
         "corrAcquisitionFlag": false,
         "feeDetail": [         {
            "mmfSeqNum": 69011348,
            "paidBy": "BORR",
            "paidAt": "PAC",
            "adjustmentType": "ORG",
            "paymentStatus": "PAC",
            "financeFlag": false,
            "waiveFlag": false,
            "markedForDeletion": false,
            "amount": 20.18,
            "paidByOTHRValid": false
         }],
         "feeDisplayDTO":          {
            "feeVisibleFlag": true,
            "feeAmountEditable": false,
            "excludeInTotalsFlag": false,
            "feeNameEditable": false,
            "defaultPaidToDesc": "Flagstar Bank, FSB",
            "allowPaidToDescChangeFlag": false,
            "sameEntityPacPocAllowed": false,
            "paidToAffiliateAllowedType": null,
            "customValidationType": null,
            "paidAtDefaultValue": "PAC",
            "paidByDefaultValue": "BORR",
            "paidToDefaultValue": "LEND",
            "feePaidAtValues": {"PAC": "PAC"},
            "feePaidByValues": {"BORR": "Borrower"},
            "feePaidToValues": {"LEND": "Lender"}
         },
         "feeServiceProviderDTO": null,
         "cocCommentsApplicable": false,
         "applicableComments": null,
         "markedForDeletion": false
      }
   ],
   "feeTotalAndCredit":    {
      "feeTotal":       {
         "borrowerPACTotal": 1070.18,
         "borrowerPOCTotal": 10,
         "sellerPACTotal": 0,
         "sellerPOCTotal": 0,
         "originatorPACTotal": 0,
         "corporatePACTotal": 0
      },
      "feeCredit":       {
         "lenderCreditTotal":          {
            "editable": true,
            "visible": true,
            "value": 0
         },
         "sellerCreditTotal":          {
            "editable": true,
            "visible": true,
            "value": 0
         },
         "campaignCreditTotal": 0,
         "realtorCreditTotal": 0,
         "otherCreditTotal": 0,
         "secondLoanDpa": 0,
         "taxProration": 0,
         "lenderAvailableCredit": 0,
         "lenderItemizedCreditFlag": false,
         "sellerItemizedCreditFlag": false
      }
   },
   "feeErrorList": null,
   "splAnswer": "Y",
   "affiliateFeeOnLoanApproval": false,
   "corrUnDiscountedrate": null,
   "corrBonafideDiscAmt": null,
   "sectionKDisclosedAmount": 0
}