        [
            {
                "releaseid": "REL-100",
                "jiraid": "CP-100",
                "description": "test",
                "releasedate": "05/01/2017",
                "docFolder": "test/test/doc1.doc"
            },
            {
                "releaseid": "REL-110",
                "jiraid": "CP-200",
                "description": "test",
                "releasedate": "05/01/2017",
                "docFolder": "test/test/doc1.doc"
            },
            {
                "releaseid": "REL-120",
                "jiraid": "CP-300",
                "description": "test",
                "releasedate": "05/01/2017",
                "docFolder": "test/test/doc1.doc"
            }
        ]