{"version":3, "nodes":[{"id":"7C10E874-3343-4ABA-9359-3D88F4E90B41", "lastModified":"2016-04-21T14:47:47.250-04:00", "name":"Consumer Portal", "type":"Project"},{"id":"D05D7D61-EA54-4F4A-B159-715004F5D6BC", "lastModified":"2016-06-06T11:33:42.012-04:00", "name":"IncomeVerification", "type":"Project"},{"id":"3FE6CFE4-A73C-4749-9B57-9579F555A083", "lastModified":"2016-03-22T14:03:15.625-04:00", "name":"mule test", "type":"Project"},{"id":"9E8EFA16-DDB4-48C2-BDFF-206910FAF8A9", "lastModified":"2016-02-16T16:19:11.069-05:00", "name":"Custom Rates Dev Server - Purchase", "headers":[{"enabled":true, "name":"Authorization", "value":"Basic Ym9ycnBydGxzdmMhOk0jJXMwNnlRdjghRER4NV4="},{"enabled":true, "name":"Content-Type", "value":"application/json"}], "type":"Request", "method":{"requestBody":true, "link":"http://tools.ietf.org/html/rfc7231#section-4.3.3", "name":"POST"}, "body":{"autoSetLength":true, "textBody":"{\n \"purchasePrice\": \"300000\",\n \"downPayment\": \"60000\",\n \"zipCode\": \"48307\",\n \"creditScore\":\"740\",\n \"points\":\"2\",\n \"propertyType\":\"SFR\",\n \"occupancyType\":\"OWOC\"           \n}", "bodyType":"Text"}, "headersType":"Form", "uri":{"path":"wholesale.dev.flagstar.com/origination/rest/products/rates/custom/purchase", "scheme":{"secure":true, "name":"https", "version":"V11"}}},{"id":"88C431BF-1E60-4ACC-AE17-3A0CB3A47024", "lastModified":"2016-04-21T10:22:37.536-04:00", "name":"Custom Rates STAGING Server - Purchase", "headers":[{"enabled":true, "name":"Authorization", "value":"Basic Ym9ycnBydGxzdmMhOk0jJXMwNnlRdjghRER4NV4="},{"enabled":true, "name":"Content-Type", "value":"application/json"}], "type":"Request", "method":{"requestBody":true, "link":"http://tools.ietf.org/html/rfc7231#section-4.3.3", "name":"POST"}, "body":{"autoSetLength":true, "textBody":"{\n \"purchasePrice\": \"300000\",\n \"downPayment\": \"60000\",\n \"zipCode\": \"48307\",\n \"creditScore\":\"740\",\n \"points\":\"2\",\n \"propertyType\":\"SFR\",\n \"occupancyType\":\"OWOC\"           \n}", "bodyType":"Text"}, "headersType":"Form", "uri":{"path":"wholesale.staging.flagstar.com/origination/rest/products/rates/custom/purchase", "scheme":{"secure":true, "name":"https", "version":"V11"}}},{"id":"72BEA750-9B9E-4C22-BF29-4CC12E3528EE", "lastModified":"2016-04-12T10:56:50.193-04:00", "name":"Custom Rates TEST Server - Purchase", "headers":[{"enabled":true, "name":"Authorization", "value":"Basic Ym9ycnBydGxzdmMhOk0jJXMwNnlRdjghRER4NV4="},{"enabled":true, "name":"Content-Type", "value":"application/json"}], "type":"Request", "method":{"requestBody":true, "link":"http://tools.ietf.org/html/rfc7231#section-4.3.3", "name":"POST"}, "body":{"autoSetLength":true, "textBody":"{\n \"nmlsId\":\"763855\",\n \"purchasePrice\": \"625000\",\n \"downPayment\": \"125000\",\n \"zipCode\": \"90001\",\n \"creditScore\":\"740\",\n \"points\":\".5\",\n \"propertyType\":\"MR\",\n \"occupancyType\":\"OWOC\"           \n}", "bodyType":"Text"}, "headersType":"Form", "uri":{"path":"wholesale.test.flagstar.com/origination/rest/products/rates/custom/purchase", "scheme":{"secure":true, "name":"https", "version":"V11"}}},{"id":"6AC19309-89CE-4194-806C-2CB541C3079A", "lastModified":"2016-05-26T10:05:23.114-04:00", "name":"Dev Local Server - Get Marketing Cover Letter", "headers":[{"enabled":true, "name":"Authorization", "value":"Basic Ym9ycnBydGxzdmMhOk0jJXMwNnlRdjghRER4NV4="},{"enabled":true, "name":"Content-Type", "value":"application/json"}], "type":"Request", "method":{"requestBody":true, "link":"http://tools.ietf.org/html/rfc7231#section-4.3.3", "name":"POST"}, "body":{"autoSetLength":true, "textBody":"[{\"letterType\":\"PROCFTTYPE\",\"letterId\":\"CONDLEFT\"}]", "bodyType":"Text"}, "headersType":"Form", "uri":{"path":"wholesale.dev.flagstar.com/processing/rest/letter/loan/602794598/letterPdf", "query":{"delimiter":"&", "items":[]}, "scheme":{"secure":true, "name":"https", "version":"V11"}}},{"id":"ACC56CE1-1246-4DE2-A50C-102622BF2AAF", "lastModified":"2016-05-18T10:31:18.032-04:00", "name":"Dev Server - Get Disclosure Document Tree", "headers":[{"enabled":true, "name":"Authorization", "value":"Basic Ym9ycnBydGxzdmMhOk0jJXMwNnlRdjghRER4NV4="},{"enabled":true, "name":"Content-Type", "value":"application/json"}], "type":"Request", "method":{"link":"http://tools.ietf.org/html/rfc7231#section-4.3.1", "name":"GET"}, "body":{"autoSetLength":true, "textBody":"", "bodyType":"Text"}, "headersType":"Form", "uri":{"path":"wholesale.dev.flagstar.com/processing/rest/loan/602798516/disclosuredocuments/documentTree", "query":{"delimiter":"&", "items":[]}, "scheme":{"secure":true, "name":"https", "version":"V11"}}},{"id":"8CB2927E-030E-4433-B742-8F2A06ACA562", "lastModified":"2016-05-26T12:04:39.328-04:00", "name":"Dev Server - Get Marketing Cover Letter", "headers":[{"enabled":true, "name":"Authorization", "value":"Basic Ym9ycnBydGxzdmMhOk0jJXMwNnlRdjghRER4NV4="},{"enabled":true, "name":"Content-Type", "value":"application/json"}], "type":"Request", "method":{"requestBody":true, "link":"http://tools.ietf.org/html/rfc7231#section-4.3.3", "name":"POST"}, "body":{"autoSetLength":true, "textBody":"[{\"letterType\":\"PROCLTTYPE\",\"letterId\":\"BRWAPPRPG1\"}]", "bodyType":"Text"}, "headersType":"Form", "uri":{"path":"wholesale.staging.flagstar.com/processing/rest/letter/loan/804212488/letterPdf", "query":{"delimiter":"&", "items":[]}, "scheme":{"secure":true, "name":"https", "version":"V11"}}},{"id":"D14A11C9-BAC5-420C-B93F-07E1FCD1BD7B", "lastModified":"2016-05-12T14:54:30.327-04:00", "name":"Local Server - Create Order - Initial Disclosure", "headers":[{"enabled":true, "name":"Authorization", "value":"Basic Ym9ycnBydGxzdmMhOk0jJXMwNnlRdjghRER4NV4="},{"enabled":true, "name":"Content-Type", "value":"application/json"}], "type":"Request", "method":{"requestBody":true, "link":"http://tools.ietf.org/html/rfc7231#section-4.3.3", "name":"POST"}, "body":{"autoSetLength":true, "textBodyEditorHeight":545, "textBody":"{\n  \"instructionalText\":\"Test\",\n  \"autoUploadFlag\":\"N\",\n\"treeNodes\":[\n{\n\"nodeID\": \"1284\",\n\"parentId\": \"1212\",\n\"lazyLoadProc\": null,\n\"title\": \"Marketing Campaign Cover Letter\",\n\"documentName\": \"Marketing Campaign Cover Letter\",\n\"nodeType\": \"STATIC_DOC\",\n\"vendorPackage\": null,\n\"artifactURL\": null,\n\"deliveryType\": \"E_SIGN\",\n\"children\":[],\n\"documentId\": null,\n\"documentSetId\": null,\n\"discrete\": false,\n\"select\": true,\n\"isLazy\": false,\n\"isFolder\": false,\n\"expand\": false,\n\"unselectable\": true,\n\"key\": null,\n\"tooltip\": null,\n\"href\": null,\n\"icon\": null,\n\"addClass\": null,\n\"noLink\": false,\n\"activate\": false,\n\"focus\": false,\n\"hideCheckbox\": false,\n\"loaded\": false\n}\n]\n}", "bodyType":"Text"}, "headersType":"Form", "uri":{"path":"localhost:9080/processing/rest/loan/602798516/disclosuredocuments/orderCreation", "query":{"delimiter":"&", "items":[]}, "scheme":{"name":"http", "version":"V11"}}},{"id":"111F3EAF-986C-4D2E-8323-87AA48216AF3", "lastModified":"2016-05-18T13:31:42.491-04:00", "name":"Local Server - Get Disclosure Document Order History", "headers":[{"enabled":true, "name":"Authorization", "value":"Basic Ym9ycnBydGxzdmMhOk0jJXMwNnlRdjghRER4NV4="},{"enabled":true, "name":"Content-Type", "value":"application/json"}], "type":"Request", "method":{"link":"http://tools.ietf.org/html/rfc7231#section-4.3.1", "name":"GET"}, "body":{"autoSetLength":true, "textBody":"", "bodyType":"Text"}, "headersType":"Form", "uri":{"path":"localhost:9080/processing/rest/loan/602798516/disclosuredocuments/orderHistory", "query":{"delimiter":"&", "items":[]}, "scheme":{"name":"http", "version":"V11"}}},{"id":"5CDB5CE5-1C4E-4AB2-B935-95B89B750E71", "lastModified":"2016-05-11T13:40:45.990-04:00", "name":"Local Server - Get Disclosure Document Tree", "headers":[{"enabled":true, "name":"Authorization", "value":"Basic Ym9ycnBydGxzdmMhOk0jJXMwNnlRdjghRER4NV4="},{"enabled":true, "name":"Content-Type", "value":"application/json"}], "type":"Request", "method":{"link":"http://tools.ietf.org/html/rfc7231#section-4.3.1", "name":"GET"}, "body":{"autoSetLength":true, "textBody":"", "bodyType":"Text"}, "headersType":"Form", "uri":{"path":"localhost:9080/processing/rest/loan/602798516/disclosuredocuments/documentTree", "query":{"delimiter":"&", "items":[]}, "scheme":{"name":"http", "version":"V11"}}},{"id":"DAD543B7-C03D-4064-ACCF-B4D9CE4AD811", "lastModified":"2016-05-25T17:08:43.634-04:00", "name":"Local Server - Get Marketing Cover Letter", "headers":[{"enabled":true, "name":"Authorization", "value":"Basic Ym9ycnBydGxzdmMhOk0jJXMwNnlRdjghRER4NV4="},{"enabled":true, "name":"Content-Type", "value":"application/json"}], "type":"Request", "method":{"requestBody":true, "link":"http://tools.ietf.org/html/rfc7231#section-4.3.3", "name":"POST"}, "body":{"autoSetLength":true, "textBody":"[{\"letterType\":\"MKTCAMPGN\",\"letterId\":\"COVRLETTER\"}]", "bodyType":"Text"}, "headersType":"Form", "uri":{"path":"localhost:9080/processing/rest/letter/loan/602794598/letterPdf", "query":{"delimiter":"&", "items":[]}, "scheme":{"name":"http", "version":"V11"}}},{"id":"BAD8A842-35D9-4ABB-A46C-233083F7B199", "lastModified":"2016-06-06T12:25:27.248-04:00", "name":"TEST SERVER - Loan#082782111  Submit income verification M2 Insant type order", "headers":[{"enabled":true, "name":"Content-Type", "value":"application/x-www-form-urlencoded"},{"enabled":true, "name":"userId", "value":"m2wIV"},{"enabled":true, "name":"userPassWord", "value":"M2toWeb4IVruniv!"}], "type":"Request", "method":{"requestBody":true, "link":"http://tools.ietf.org/html/rfc7231#section-4.3.3", "name":"POST"}, "body":{"autoSetLength":true, "textBody":"", "formBody":{"overrideContentType":true, "encoding":"application/x-www-form-urlencoded", "items":[{"enabled":true, "name":"requestXML", "value":"<incomeVerificationRequest> \t<LoanDetails> \t\t<MortgageKey>4693017</MortgageKey> \t\t<LoanNumber>082782111</LoanNumber> \t\t<RequestedBy>rmathew</RequestedBy> \t</LoanDetails> \t<Transactions> \t\t<TransactionDetail> \t\t\t<RequestType>INST</RequestType> \t\t\t<BorrowerKey>7025922</BorrowerKey> \t\t\t<BorrowerSSN>458536375</BorrowerSSN> \t\t\t<EmployeeOption>B</EmployeeOption> \t\t\t<Employers> \t\t\t\t<Employer> \t\t\t\t\t<EmployerCode>35001</EmployerCode> \t\t\t\t\t<EmployeeId>5363750724</EmployeeId> \t\t\t\t</Employer> \t\t\t</Employers> \t\t</TransactionDetail> \t\t<TransactionDetail> \t\t\t<RequestType>INST</RequestType> \t\t\t<BorrowerKey>7025921</BorrowerKey> \t\t\t<BorrowerSSN>386304341</BorrowerSSN> \t\t\t<EmployeeOption>B</EmployeeOption> \t\t\t<Employers> \t\t\t\t<Employer> \t\t\t\t\t<EmployerCode>35001</EmployerCode> \t\t\t\t\t<EmployeeId>3043410920</EmployeeId> \t\t\t\t</Employer> \t\t\t</Employers> \t\t</TransactionDetail> \t</Transactions> </incomeVerificationRequest>", "type":"Text"}]}, "bodyType":"Form"}, "headersType":"Form", "uri":{"path":"wholesale.test.flagstar.com/incomeverification/IncomeVerificationServlet", "query":{"delimiter":"&", "items":[{"enabled":true, "name":"requestType", "value":""},{"enabled":true, "name":"loanNumber", "value":"082782111"}]}, "scheme":{"secure":true, "name":"https", "version":"V11"}}},{"id":"1C30A53F-7C80-4EF2-B4E7-3BED73D2B12D", "lastModified":"2016-06-06T11:55:18.358-04:00", "name":"TEST SERVER - Submit income verification M2 Insant type order", "headers":[{"enabled":true, "name":"Content-Type", "value":"application/x-www-form-urlencoded"},{"enabled":true, "name":"userId", "value":"m2wIV"},{"enabled":true, "name":"userPassWord", "value":"M2toWeb4IVruniv!"}], "type":"Request", "method":{"requestBody":true, "link":"http://tools.ietf.org/html/rfc7231#section-4.3.3", "name":"POST"}, "body":{"autoSetLength":true, "textBody":"", "formBody":{"overrideContentType":true, "encoding":"application/x-www-form-urlencoded", "items":[{"enabled":true, "name":"requestXML", "value":"<incomeVerificationRequest> \t<LoanDetails> \t\t<MortgageKey>4730988</MortgageKey> \t\t<LoanNumber>702814642</LoanNumber> \t\t<RequestedBy>rmathew</RequestedBy> \t</LoanDetails> \t<Transactions> \t\t<TransactionDetail> \t\t\t<RequestType>INST</RequestType> \t\t\t<BorrowerKey>7103241</BorrowerKey> \t\t\t<BorrowerSSN>999601111</BorrowerSSN> \t\t\t<EmployeeOption>B</EmployeeOption> \t\t\t<Employers> \t\t\t\t<Employer> \t\t\t\t\t<EmployerCode>35001</EmployerCode> \t\t\t\t\t<EmployeeId>6011111012</EmployeeId> \t\t\t\t</Employer> \t\t\t</Employers> \t\t</TransactionDetail> \t</Transactions> </incomeVerificationRequest>", "type":"Text"}]}, "bodyType":"Form"}, "headersType":"Form", "uri":{"path":"wholesale.test.flagstar.com/incomeverification/IncomeVerificationServlet", "query":{"delimiter":"&", "items":[{"enabled":true, "name":"requestType", "value":""},{"enabled":true, "name":"loanNumber", "value":"702814642"}]}, "scheme":{"secure":true, "name":"https", "version":"V11"}}},{"id":"D9A7562B-7513-463A-ADDB-5610C56682E3", "lastModified":"2016-02-16T16:17:20.143-05:00", "name":"Todays Rates Dev Server", "headers":[{"enabled":true, "name":"Authorization", "value":"Basic Ym9ycnBydGxzdmMhOk0jJXMwNnlRdjghRER4NV4="},{"enabled":true, "name":"Content-Type", "value":"application/json"}], "type":"Request", "method":{"link":"http://tools.ietf.org/html/rfc7231#section-4.3.1", "name":"GET"}, "body":{"autoSetLength":true, "bodyType":"Text"}, "headersType":"Form", "uri":{"path":"wholesale.dev.flagstar.com/origination/rest/products/rates/", "scheme":{"secure":true, "name":"https", "version":"V11"}}},{"id":"7C2F7BF0-092F-4346-ABBB-E142714CD884", "lastModified":"2016-02-16T16:16:50.759-05:00", "name":"Todays Rates Dev Server - Purpose = REFI", "headers":[{"enabled":true, "name":"Authorization", "value":"Basic Ym9ycnBydGxzdmMhOk0jJXMwNnlRdjghRER4NV4="},{"enabled":true, "name":"Content-Type", "value":"application/json"}], "type":"Request", "method":{"link":"http://tools.ietf.org/html/rfc7231#section-4.3.1", "name":"GET"}, "body":{"autoSetLength":true, "bodyType":"Text"}, "headersType":"Form", "uri":{"path":"wholesale.dev.flagstar.com/origination/rest/products/rates/purpose/REFI", "scheme":{"secure":true, "name":"https", "version":"V11"}}},{"id":"9DB44098-66AF-4919-8F0C-90813B95597D", "lastModified":"2016-03-21T15:19:20.002-04:00", "name":"Tasks", "type":"Service", "parentId":"7C10E874-3343-4ABA-9359-3D88F4E90B41"},{"id":"62688DBF-B719-4CA2-B554-CF80C4F4A5EF", "lastModified":"2016-03-28T11:07:38.593-04:00", "name":"product compare", "type":"Service", "parentId":"7C10E874-3343-4ABA-9359-3D88F4E90B41"},{"id":"B7E8D80E-42DB-4F7A-8BD9-87D7363856C9", "lastModified":"2016-04-21T14:47:47.250-04:00", "name":"Custom Rates DEV Server - Refinance", "headers":[{"enabled":true, "name":"Authorization", "value":"Basic Ym9ycnBydGxzdmMhOk0jJXMwNnlRdjghRER4NV4="},{"enabled":true, "name":"Content-Type", "value":"application/json"}], "type":"Request", "method":{"requestBody":true, "link":"http://tools.ietf.org/html/rfc7231#section-4.3.3", "name":"POST"}, "body":{"autoSetLength":true, "textBody":"{\n \"homeValue\": \"625000\",\n \"currentBalance\": \"125000\",   \n \"zipCode\": \"90001\",\n \"creditScore\":\"740\",\n \"points\":\".5\",\n \"propertyType\":\"SFR\",\n \"occupancyType\":\"OWOC\"           \n}", "bodyType":"Text"}, "headersType":"Form", "uri":{"path":"wholesale.dev.flagstar.com/origination/rest/products/rates/custom/refi", "scheme":{"secure":true, "name":"https", "version":"V11"}}, "parentId":"7C10E874-3343-4ABA-9359-3D88F4E90B41"},{"id":"77EDBF57-7248-4817-8CE9-AAFF4FE25C62", "lastModified":"2016-04-11T16:30:22.125-04:00", "name":"Custom Rates Dev Server - Purchase - assumptions", "headers":[{"enabled":true, "name":"Authorization", "value":"Basic Ym9ycnBydGxzdmMhOk0jJXMwNnlRdjghRER4NV4="},{"enabled":true, "name":"Content-Type", "value":"application/json"}], "type":"Request", "method":{"requestBody":true, "link":"http://tools.ietf.org/html/rfc7231#section-4.3.3", "name":"POST"}, "body":{"autoSetLength":true, "textBody":"{\n  \"nmlsId\":\"763855\",\n \"purchasePrice\": \"625000\",\n \"downPayment\": \"125000\",\n \"zipCode\": \"90001\",\n \"creditScore\":\"740\",\n \"points\":\".5\",\n \"propertyType\":\"MR\",\n \"occupancyType\":\"OWOC\"\n}", "bodyType":"Text"}, "headersType":"Form", "uri":{"path":"wholesale.dev.flagstar.com/origination/rest/products/rates/assumptions", "scheme":{"secure":true, "name":"https", "version":"V11"}}, "parentId":"7C10E874-3343-4ABA-9359-3D88F4E90B41"},{"id":"54BC3B05-774E-46FF-9FAC-B63CE4E9F114", "lastModified":"2016-04-12T10:53:55.948-04:00", "name":"Custom Rates Local Server - Purchase", "headers":[{"enabled":true, "name":"Authorization", "value":"Basic Ym9ycnBydGxzdmMhOk0jJXMwNnlRdjghRER4NV4="},{"enabled":true, "name":"Content-Type", "value":"application/json"}], "type":"Request", "method":{"requestBody":true, "link":"http://tools.ietf.org/html/rfc7231#section-4.3.3", "name":"POST"}, "body":{"autoSetLength":true, "textBody":"{\n \"nmlsId\":\"763855\",\n \"purchasePrice\": \"625000\",\n \"downPayment\": \"125000\",\n \"zipCode\": \"90001\",\n \"creditScore\":\"740\",\n \"points\":\".5\",\n \"propertyType\":\"MR\",\n \"occupancyType\":\"OWOC\"           \n}", "bodyType":"Text"}, "headersType":"Form", "uri":{"path":"localhost:9080/origination/rest/products/rates/custom/purchase", "scheme":{"name":"http", "version":"V11"}}, "parentId":"7C10E874-3343-4ABA-9359-3D88F4E90B41"},{"id":"FC89A43F-E16A-433A-B17E-981FE3840F1D", "lastModified":"2016-04-11T17:06:35.085-04:00", "name":"Custom Rates Local Server - Purchase - assumptions", "headers":[{"enabled":true, "name":"Authorization", "value":"Basic Ym9ycnBydGxzdmMhOk0jJXMwNnlRdjghRER4NV4="},{"enabled":true, "name":"Content-Type", "value":"application/json"}], "type":"Request", "method":{"requestBody":true, "link":"http://tools.ietf.org/html/rfc7231#section-4.3.3", "name":"POST"}, "body":{"autoSetLength":true, "textBody":"{\n  \"nmlsId\":\"763855\",\n \"purchasePrice\": \"625000\",\n \"downPayment\": \"125000\",\n \"zipCode\": \"90001\",\n \"creditScore\":\"740\",\n \"points\":\".5\",\n \"propertyType\":\"MR\",\n \"occupancyType\":\"OWOC\"\n}", "bodyType":"Text"}, "headersType":"Form", "uri":{"path":"localhost:9080/origination/rest/products/rates/assumptions", "scheme":{"name":"http", "version":"V11"}}, "parentId":"7C10E874-3343-4ABA-9359-3D88F4E90B41"},{"id":"C0E817FC-6DE5-4CA6-8A62-E39714F8426F", "lastModified":"2016-04-15T17:12:56.540-04:00", "name":"Custom Rates Local Server - Refinance", "headers":[{"enabled":true, "name":"Authorization", "value":"Basic Ym9ycnBydGxzdmMhOk0jJXMwNnlRdjghRER4NV4="},{"enabled":true, "name":"Content-Type", "value":"application/json"}], "type":"Request", "method":{"requestBody":true, "link":"http://tools.ietf.org/html/rfc7231#section-4.3.3", "name":"POST"}, "body":{"autoSetLength":true, "textBody":"{\n \"nmlsId\":\"501221\",\n \"homeValue\": \"625000\",\n \"currentBalance\": \"125000\",   \n \"zipCode\": \"90001\",\n \"creditScore\":\"740\",\n \"points\":\".5\",\n \"propertyType\":\"SFR\",\n \"occupancyType\":\"OWOC\"           \n}", "bodyType":"Text"}, "headersType":"Form", "uri":{"path":"localhost:9080/origination/rest/products/rates/custom/refi", "scheme":{"name":"http", "version":"V11"}}, "parentId":"7C10E874-3343-4ABA-9359-3D88F4E90B41"},{"id":"2E5DC8D7-500E-419C-8CDC-4B52E5FBC171", "lastModified":"2016-03-28T12:13:31.569-04:00", "name":"Dev Server - Loan officer search by email", "headers":[{"enabled":true, "name":"Authorization", "value":"Basic Ym9ycnBydGxzdmMhOk0jJXMwNnlRdjghRER4NV4="},{"enabled":true, "name":"Content-Type", "value":"application/json"}], "type":"Request", "method":{"link":"http://tools.ietf.org/html/rfc7231#section-4.3.1", "name":"GET"}, "body":{"autoSetLength":true, "bodyType":"Text"}, "headersType":"Form", "uri":{"path":"wholesale.dev.flagstar.com/lending-core/rest/loanOfficerWithBranchByEmail.json", "query":{"delimiter":"&", "items":[{"enabled":true, "name":"email", "value":"vinothkumar.nandakumar@flagstar.com"}]}, "scheme":{"secure":true, "name":"https", "version":"V11"}}, "parentId":"7C10E874-3343-4ABA-9359-3D88F4E90B41"},{"id":"56986805-CFFF-46E8-9F5F-83CEA2C26CAD", "lastModified":"2016-04-11T16:39:06.477-04:00", "name":"Loan officer search by nmlsid", "headers":[{"enabled":true, "name":"Authorization", "value":"Basic Ym9ycnBydGxzdmMhOk0jJXMwNnlRdjghRER4NV4="},{"enabled":true, "name":"Content-Type", "value":"application/json"}], "type":"Request", "method":{"link":"http://tools.ietf.org/html/rfc7231#section-4.3.1", "name":"GET"}, "body":{"autoSetLength":true, "textBody":"", "bodyType":"Text"}, "headersType":"Form", "uri":{"path":"wholesale.dev.flagstar.com/lending-core/rest/loanOfficerWithBranchByNmls.json", "query":{"delimiter":"&", "items":[{"enabled":true, "name":"nmls", "value":"763855"}]}, "scheme":{"secure":true, "name":"https", "version":"V11"}}, "parentId":"7C10E874-3343-4ABA-9359-3D88F4E90B41"},{"id":"FB9B2B7E-A0C9-45BA-A1A3-CCFA4CC506AE", "lastModified":"2016-04-20T11:51:14.774-04:00", "name":"Rate Alerts Local Server - Purchase", "headers":[{"enabled":true, "name":"Authorization", "value":"Basic Ym9ycnBydGxzdmMhOk0jJXMwNnlRdjghRER4NV4="},{"enabled":true, "name":"Content-Type", "value":"application/json"}], "type":"Request", "method":{"requestBody":true, "link":"http://tools.ietf.org/html/rfc7231#section-4.3.3", "name":"POST"}, "body":{"autoSetLength":true, "textBodyEditorHeight":529, "textBody":"{\n\t\"emailAddress\":\"roy.mathew@flagstar.com\",\n  \t\"mobilePhoneNum\":\"2482223333\",\n    \"loanPurpose\":\"PUR\",\n  \t\"rateAlertRulesList\":[\n\t\t{\n\t\t\t\"targetRate\":\"\",\n\t\t\t\"notificationType\":\"PERIODIC\",\n\t\t\t\"frequency\":\"W\",\n            \"mortgageProductName\":\"30 YEAR FIXED\",\n            \"mortgageProductKey\":\"161576\",\n            \"mortgagePurposeType\":\"PUR\"          \t\n\t\t},\n\t\t{\n\t\t\t\"targetRate\":\"\",\n\t\t\t\"notificationType\":\"PERIODIC\",\n\t\t\t\"frequency\":\"D\",\n            \"mortgageProductName\":\"FHA 30 YEAR FIXED\",\n            \"mortgageProductKey\":\"25021\",\n            \"mortgagePurposeType\":\"PUR\"          \t\n\t\t},\n\t\t{\n\t\t\t\"targetRate\":\"\",\n\t\t\t\"notificationType\":\"PERIODIC\",\n\t\t\t\"frequency\":\"D\",\n            \"mortgageProductName\":\"15 YEAR FIXED\",\n            \"mortgageProductKey\":\"161587\",\n            \"mortgagePurposeType\":\"REFI\"          \t\n\t\t}\t\t\n\t]\n}", "bodyType":"Text"}, "headersType":"Form", "uri":{"path":"localhost:9080/origination/rest/ratealert/subscription", "scheme":{"name":"http", "version":"V11"}}, "parentId":"7C10E874-3343-4ABA-9359-3D88F4E90B41"},{"id":"6FC726DF-249D-4053-96E4-4998A80817FF", "lastModified":"2016-06-06T11:33:42.013-04:00", "name":"M2 moke", "type":"Service", "parentId":"D05D7D61-EA54-4F4A-B159-715004F5D6BC"},{"id":"399C32EF-23E4-4354-A421-3D15A96DEFC3", "lastModified":"2016-03-22T14:03:15.627-04:00", "name":"sfdc get", "type":"Service", "parentId":"3FE6CFE4-A73C-4749-9B57-9579F555A083"},{"id":"289DB1EE-6634-49B0-BB31-33C4DDA94F0F", "lastModified":"2016-03-21T15:19:20.002-04:00", "name":"DEV Server Check if document upload is available for loan", "headers":[{"enabled":true, "name":"Authorization", "value":"Basic Ym9ycnBydGxzdmMhOk0jJXMwNnlRdjghRER4NV4="},{"enabled":true, "name":"Content-Type", "value":"application/json"}], "type":"Request", "method":{"link":"http://tools.ietf.org/html/rfc7231#section-4.3.1", "name":"GET"}, "body":{"autoSetLength":true, "bodyType":"Text"}, "headersType":"Form", "uri":{"path":"wholesale.dev.flagstar.com/origination/rest/loan/602793386/misc/upload/ready", "scheme":{"secure":true, "name":"https", "version":"V11"}}, "parentId":"9DB44098-66AF-4919-8F0C-90813B95597D"},{"id":"8537ED9E-BD25-45CE-826E-9E30A01C4703", "lastModified":"2016-03-17T13:43:14.781-04:00", "name":"local JBOSS Check if document upload is available for loan", "headers":[{"enabled":true, "name":"Authorization", "value":"Basic Ym9ycnBydGxzdmMhOk0jJXMwNnlRdjghRER4NV4="},{"enabled":true, "name":"Content-Type", "value":"application/json"}], "type":"Request", "method":{"link":"http://tools.ietf.org/html/rfc7231#section-4.3.1", "name":"GET"}, "body":{"autoSetLength":true, "bodyType":"Text"}, "headersType":"Form", "uri":{"path":"wholesale.local.flagstar.com:9080/origination/rest/loan/602786890/misc/upload/ready", "scheme":{"name":"http", "version":"V11"}}, "parentId":"9DB44098-66AF-4919-8F0C-90813B95597D"},{"id":"81AC40F8-66AC-4194-B501-626B146F7C68", "lastModified":"2016-03-17T13:11:22.823-04:00", "name":"local JBOSS fetch todolist for loan", "headers":[{"enabled":true, "name":"Authorization", "value":"Basic Ym9ycnBydGxzdmMhOk0jJXMwNnlRdjghRER4NV4="},{"enabled":true, "name":"Content-Type", "value":"application/json"}], "type":"Request", "method":{"link":"http://tools.ietf.org/html/rfc7231#section-4.3.1", "name":"GET"}, "body":{"autoSetLength":true, "bodyType":"Text"}, "headersType":"Form", "uri":{"path":"localhost:9080/origination/rest/loan/602786890/todolist", "scheme":{"name":"http", "version":"V11"}}, "parentId":"9DB44098-66AF-4919-8F0C-90813B95597D"},{"id":"0C6B27AA-7AA6-4834-9B57-9CF79A77D1C7", "lastModified":"2016-03-17T13:39:19.823-04:00", "name":"localhost:9080 Check if document upload is available for loan", "headers":[{"enabled":true, "name":"Authorization", "value":"Basic Ym9ycnBydGxzdmMhOk0jJXMwNnlRdjghRER4NV4="},{"enabled":true, "name":"Content-Type", "value":"application/json"}], "type":"Request", "method":{"link":"http://tools.ietf.org/html/rfc7231#section-4.3.1", "name":"GET"}, "body":{"autoSetLength":true, "bodyType":"Text"}, "headersType":"Form", "uri":{"path":"localhost:9080/origination/rest/loan/602786890/misc/upload/ready", "scheme":{"name":"http", "version":"V11"}}, "parentId":"9DB44098-66AF-4919-8F0C-90813B95597D"},{"id":"95EAE36D-3D2C-45E4-8BDA-6C2B1EEAABB0", "lastModified":"2016-03-28T11:07:38.593-04:00", "name":"local JBOSS share product compare results by email", "headers":[{"enabled":true, "name":"Authorization", "value":"Basic Ym9ycnBydGxzdmMhOk0jJXMwNnlRdjghRER4NV4="},{"enabled":true, "name":"Content-Type", "value":"application/json"}], "type":"Request", "method":{"requestBody":true, "link":"http://tools.ietf.org/html/rfc7231#section-4.3.3", "name":"POST"}, "body":{"autoSetLength":true, "textBodyEditorHeight":248, "textBody":"{\n\"senderFirstName\":\"Anil\",\n\"senderLastName\":\"Rana\",\n\"senderEmail\":\"anil.rana@flagstar.com\",\n\"recipientFirstName\":\"Roy\",\n\"recipientLastName\":\"Mathew\",\n\"recipientEmail\":\"roy.mathew@flagstar.com\",\n\"loanPurpose\":\"purchase\",\n\"propertyZipCode\":\"48098\",\n\"purchasePrice\":\"$300,000\",\n\"loanAmount\":\"$240,000\",\n\"downPayment\":\"$60,000\",\n\"points\":\"2\",\n\"creditScore\":\"Excellent(740 or above)\",\n\"propertyType\":\"Single Family Residence\",\n\"propertyUse\":\"Primary Residence\",\n\"products\":[{\"label\":\"Now let's use your search criteria to compare options.\",\n\"columns\":[\n{\"columnId\":\"1\",\"items\":[{\"productKey\":\"161576\",\"productName\":\"30-Year Fixed\",\"interestRate\":\"3.625%\",\"apr\":\"3.818%\"}]},\n{\"columnId\":\"2\",\"items\":[{\"productKey\":\"25021\",\"productName\":\"FHA 30-Year Fixed\",\"interestRate\":\"3.250%\",\"apr\":\"4.019%\"}]},\n{\"columnId\":\"3\",\"items\":[{\"productKey\":\"25061\",\"productName\":\"VA 30-Year Fixed\",\"interestRate\":\"3.250%\",\"apr\":\"3.471%\"}]}\n]\n}\n],\n\"basicInfo\":[\n{\"label\":\"Key Benefits\",\n\"columns\":[\n{\"columnId\":\"1\",\"items\":[\n\"You'll always know what your monthly principal and interest\",\n\"Interest rate won't change\",\n\"No prepayment penalty\",\n\"Loan amounts up to $417,000\"]\n},\n{\"columnId\":\"2\",\"items\":[\n\"Up to a 6% seller credit allowed\",\n\"Low down payments\",\n\"No prepayment penalty\"]\n},\n{\"columnId\":\"3\",\"items\":[\n\"Exclusive to active military, veterans, reservists, National Guard members and certain surviving spouses\",\n\"No down payment required\",\n\"No prepayment penalty\"]\n}]\n},\n{\"label\":\"Worth Considering if you..\",\n\"columns\":[\n{\"columnId\":\"1\",\"items\":[\n\"You plan to stay in your home for a longer period of time\",\n\"You have good to excellent credit history\",\n\"You can make at least a modest down payment on a home\",\n\"This will be your primary, secondary, or investment property\"\n]\n},\n{\"columnId\":\"2\",\"items\":[\n\"You have limited funds for a down payment\",\n\"You don't have an established credit history or have experienced credit challenges in the past\",\n\"This will be your primary residence\",\n\"You have a non-occupying co borrower(s)\"\n]\n},\n{\"columnId\":\"3\",\"items\":[\n\"You are an active military member, veteran or surviving spouse\",\n\"This will be your primary residence\",\n\"You don't want to pay PMI\",\n\"You don't want a down payment\"\n]\n}\n]},\n{\"label\":\"Monthly Payments\",\n\"columns\":[\n{\"columnId\":\"1\",\"items\":[\"$1,095\"]},\n{\"columnId\":\"2\",\"items\":[\"$1,063\"]},\n{\"columnId\":\"3\",\"items\":[\"$1,061\"]}\n]\n},\n{\"label\":\"Mortgage Insurance*\",\n\"columns\":[\n{\"columnId\":\"1\",\"items\":[\"$0\",\"$160\",\"$0\"]},\n{\"columnId\":\"2\",\"items\":[\"$160\"]},\n{\"columnId\":\"3\",\"items\":[\"$0\"]}\n]\n}\n],\n\"quickFacts\":[\n{\"label\":\"Rate/Payment security\",\"columns\":[\n{\"columnId\":\"1\",\"items\":[\"showTick basquick_values\"]},\n{\"columnId\":\"2\",\"items\":[\"showTick basquick_values\"]},\n{\"columnId\":\"3\",\"items\":[\"showTick basquick_values\"]}\n]\n},\n{\"label\":\"Minimum required Down payment for a Purchase\",\"columns\":[\n{\"columnId\":\"1\",\"items\":[\"3%\"]},\n{\"columnId\":\"2\",\"items\":[\"3.5%\"]},\n{\"columnId\":\"3\",\"items\":[\"0%\"]}\n]\n},\n{\"label\":\"Minimum Credit Score\",\"columns\":[\n{\"columnId\":\"1\",\"items\":[\"620\"]},\n{\"columnId\":\"2\",\"items\":[\"600\"]},\n{\"columnId\":\"3\",\"items\":[\"620\"]}\n]\n},\n{\"label\":\"Lower initial monthly payments\",\"columns\":[\n{\"columnId\":\"1\",\"items\":[\"\"]},\n{\"columnId\":\"2\",\"items\":[\"\"]},\n{\"columnId\":\"3\",\"items\":[\"\"]}\n]\n},\n{\"label\":\"Higher Loan limits Per County\",\"columns\":[\n{\"columnId\":\"1\",\"items\":[\"\"]},\n{\"columnId\":\"2\",\"items\":[\"\"]},\n{\"columnId\":\"3\",\"items\":[\"\"]}\n]\n}\n]\n}", "bodyType":"Text"}, "headersType":"Form", "uri":{"path":"localhost:9080/origination/rest/productcompare/share/email", "scheme":{"name":"http", "version":"V11"}}, "parentId":"62688DBF-B719-4CA2-B554-CF80C4F4A5EF"},{"id":"B21DB2A5-5933-4E30-AEB1-55688C0CF079", "lastModified":"2016-06-06T11:33:42.013-04:00", "name":"TEST SERVER - Submit income verification M2 Insant type order", "headers":[{"enabled":true, "name":"Authorization", "value":"Basic Ym9ycnBydGxzdmMhOk0jJXMwNnlRdjghRER4NV4="},{"enabled":true, "name":"Content-Type", "value":"application/json"}], "type":"Request", "method":{"requestBody":true, "link":"http://tools.ietf.org/html/rfc7231#section-4.3.3", "name":"POST"}, "body":{"autoSetLength":true, "textBody":"[{\"letterType\":\"MKTCAMPGN\",\"letterId\":\"COVRLETTER\"}]", "bodyType":"Text"}, "headersType":"Form", "uri":{"path":"wholesale.test.flagstar.com/incomeverification/IncomeVerificationServlet", "query":{"delimiter":"&", "items":[]}, "scheme":{"secure":true, "name":"https", "version":"V11"}}, "parentId":"6FC726DF-249D-4053-96E4-4998A80817FF"},{"id":"0476C295-AB3A-49DC-944D-9D46820CA356", "lastModified":"2016-03-22T14:03:15.627-04:00", "name":"Mule Runtime SFDC", "headers":[{"enabled":true, "name":"Authorization", "value":"Basic Ym9ycnBydGxzdmMhOk0jJXMwNnlRdjghRER4NV4="},{"enabled":true, "name":"Content-Type", "value":"application/json"}], "type":"Request", "method":{"link":"http://tools.ietf.org/html/rfc7231#section-4.3.1", "name":"GET"}, "body":{"autoSetLength":true, "bodyType":"Text"}, "headersType":"Form", "uri":{"path":"localhost:8081/sfdc/", "scheme":{"name":"http", "version":"V11"}}, "parentId":"399C32EF-23E4-4354-A421-3D15A96DEFC3"}]}